"Robot","Score_Plan2","Rank_Plan2"
"Gamma",0.834848484848485,1
"Delta",0.752272727272727,2
"Echo",0.740530303030303,3
"Charlie",0.551136363636364,4
"Foxtrot",0.546590909090909,5
"Bravo",0.4625,6
"Alpha",0.333333333333333,7
