"Robot","Carrying Capacity","Battery Size","Speed","Mobility","Aesthetic","Cost Per Unit","Reliability","Score_Plan1","Rank_Plan1"
"Alpha",0,0.833333333333333,0,1,1,0,0,0.281666666666667,7
"Bravo",0.428571428571429,0,0,0.75,0.428571428571429,1,0.45,0.4625,5
"Charlie",0.428571428571429,0.5,0,0.5,0.428571428571429,0.681818181818182,0.45,0.458863636363636,6
"Delta",0.142857142857143,1,1,0.75,0,0.363636363636364,0.9,0.587012987012987,2
"Echo",0.571428571428571,0.666666666666667,0,0.25,0.428571428571429,0.818181818181818,0.75,0.568755411255411,3
"Foxtrot",1,0.5,0,0,0.571428571428571,0.454545454545455,0.75,0.551266233766234,4
"Gamma",0.571428571428571,0.666666666666667,0.3,0.5,0.857142857142857,0.909090909090909,1,0.696580086580087,1
